{"savedAt":"2026-03-23T12:43:23.088Z","params":{"task":"linearRegression","taskParams":{"inputDim":5,"outputDim":3,"nTrain":100,"noise":0,"initScale":0.01,"seed":0,"useTestSet":false,"nTest":50},"activation":"linear","hiddenDims":[30,20],"eta":1.4,"batchSize":100,"modelSeed":0},"totalSteps":507,"loss":[0.523863,0.520068,0.518989,0.518682,0.518594,0.518569,0.518562,0.51856,0.51856,0.518559,0.518559,0.518559,0.518559,0.518559,0.518559,0.518559,0.518559,0.518559,0.518559,0.518559,0.518559,0.518559,0.518559,0.518559,0.518559,0.518558,0.518558,0.518558,0.518558,0.518558,0.518558,0.518558,0.518558,0.518558,0.518558,0.518558,0.518558,0.518558,0.518558,0.518558,0.518557,0.518557,0.518557,0.518557,0.518557,0.518557,0.518557,0.518557,0.518557,0.518557,0.518556,0.518556,0.518556,0.518556,0.518556,0.518556,0.518556,0.518556,0.518555,0.518555,0.518555,0.518555,0.518555,0.518554,0.518554,0.518554,0.518554,0.518554,0.518553,0.518553,0.518553,0.518553,0.518552,0.518552,0.518552,0.518551,0.518551,0.518551,0.51855,0.51855,0.518549,0.518549,0.518548,0.518548,0.518547,0.518547,0.518546,0.518545,0.518544,0.518544,0.518543,0.518542,0.518541,0.51854,0.518539,0.518537,0.518536,0.518535,0.518533,0.518531,0.518529,0.518527,0.518525,0.518523,0.51852,0.518517,0.518514,0.51851,0.518506,0.518501,0.518496,0.51849,0.518484,0.518476,0.518468,0.518458,0.518447,0.518434,0.518419,0.518401,0.51838,0.518355,0.518325,0.518289,0.518245,0.51819,0.518122,0.518036,0.517926,0.517782,0.51759,0.517331,0.516972,0.51646,0.515707,0.514558,0.51273,0.509667,0.504209,0.493763,0.47215,0.424648,0.327044,0.230606,0.224511,0.222065,0.221073,0.221033,0.221119,0.222125,0.222464,0.22481,0.224782,0.229339,0.227569,0.234966,0.229648,0.239252,0.230382,0.240786,0.230336,0.240743,0.230028,0.240232,0.229568,0.239512,0.228876,0.238482,0.227711,0.236773,0.225475,0.233407,0.220523,0.225504,0.207663,0.203533,0.169965,0.142689,0.0945797,0.0913076,0.0791634,0.0869684,0.0760017,0.0845579,0.0743564,0.0834146,0.0735444,0.0829138,0.073106,0.0825933,0.0728095,0.0822833,0.072588,0.0820043,0.0724369,0.0818075,0.0723504,0.0817002,0.0723094,0.0816537,0.0722923,0.0816342,0.0722837,0.081621,0.0722771,0.0816075,0.0722711,0.0815943,0.0722663,0.0815833,0.0722628,0.0815748,0.0722603,0.0815682,0.0722583,0.0815627,0.0722566,0.0815577,0.072255,0.0815532,0.0722536,0.0815492,0.0722524,0.0815456,0.0722514,0.0815425,0.0722505,0.0815398,0.0722497,0.0815374,0.0722491,0.0815353,0.0722485,0.0815335,0.072248,0.0815319,0.0722476,0.0815305,0.0722473,0.0815293,0.072247,0.0815282,0.0722467,0.0815273,0.0722465,0.0815264,0.0722462,0.0815257,0.072246,0.081525,0.0722458,0.0815244,0.0722456,0.0815238,0.0722455,0.0815233,0.0722453,0.0815228,0.0722451,0.0815223,0.0722449,0.0815219,0.0722447,0.0815214,0.0722445,0.081521,0.0722442,0.0815206,0.072244,0.0815202,0.0722437,0.0815198,0.0722434,0.0815194,0.0722431,0.0815189,0.0722428,0.0815185,0.0722424,0.081518,0.072242,0.0815175,0.0722416,0.081517,0.0722411,0.0815164,0.0722406,0.0815158,0.0722401,0.0815152,0.0722395,0.0815145,0.0722388,0.0815138,0.0722381,0.081513,0.0722373,0.0815121,0.0722364,0.0815112,0.0722354,0.0815102,0.0722344,0.081509,0.0722332,0.0815078,0.0722319,0.0815064,0.0722305,0.0815049,0.0722289,0.0815033,0.0722272,0.0815014,0.0722252,0.0814994,0.072223,0.0814971,0.0722206,0.0814945,0.0722178,0.0814916,0.0722147,0.0814884,0.0722112,0.0814847,0.0722072,0.0814805,0.0722027,0.0814758,0.0721975,0.0814703,0.0721915,0.081464,0.0721846,0.0814567,0.0721766,0.0814481,0.0721672,0.0814381,0.0721561,0.0814264,0.0721431,0.0814124,0.0721275,0.0813956,0.0721087,0.0813754,0.072086,0.0813508,0.0720583,0.0813205,0.0720239,0.0812828,0.071981,0.0812354,0.0719266,0.0811749,0.0718567,0.0810966,0.0717655,0.0809934,0.0716444,0.0808547,0.07148,0.0806645,0.0712519,0.0803967,0.0709267,0.080009,0.0704486,0.0794286,0.0697202,0.078526,0.0685645,0.0770603,0.0666457,0.074566,0.0633064,0.07013,0.0572788,0.0620829,0.046519,0.0484574,0.0302286,0.0317879,0.0159613,0.023183,0.0119702,0.0224191,0.0116165,0.0221674,0.0113198,0.0214706,0.0110214,0.0208187,0.0108212,0.0204028,0.0107187,0.0201931,0.0106779,0.0201063,0.0106661,0.0200761,0.0106643,0.0200664,0.0106646,0.0200627,0.0106648,0.0200606,0.0106645,0.0200584,0.0106635,0.0200549,0.0106616,0.0200498,0.010659,0.0200435,0.0106561,0.0200367,0.0106532,0.0200301,0.0106507,0.0200241,0.0106483,0.0200187,0.0106462,0.0200138,0.0106442,0.020009,0.0106423,0.0200045,0.0106404,0.0200001,0.0106385,0.019996,0.0106368,0.019992,0.0106351,0.0199882,0.0106336,0.0199846,0.0106321,0.0199812,0.0106307,0.019978,0.0106295,0.019975,0.0106283,0.0199722,0.0106272,0.0199696,0.0106262,0.0199671,0.0106252,0.0199647,0.0106243,0.0199624,0.0106234,0.0199603,0.0106225,0.0199582,0.0106217,0.0199562,0.0106209,0.0199543,0.0106202,0.0199525,0.0106195,0.0199508,0.0106188,0.0199492,0.0106182,0.0199476,0.0106176,0.0199461,0.010617,0.0199447,0.0106165,0.0199433,0.0106159,0.019942,0.0106154,0.0199408,0.010615,0.0199396,0.0106145,0.0199385,0.0106141,0.0199374,0.0106136,0.0199363,0.0106132,0.0199353,0.0106129,0.0199344,0.0106125,0.0199334,0.0106121,0.0199326,0.0106118,0.0199317,0.0106115,0.0199309,0.0106112,0.0199302,0.0106109],"testLoss":[],