{"savedAt":"2026-03-23T08:49:12.602Z","params":{"task":"chebyshev","taskParams":{"degree":6,"nTrain":20,"useTestSet":false,"nTest":200},"activation":"tanh","hiddenDims":[30,20],"eta":0.5495408738576243,"batchSize":20,"modelSeed":0},"totalSteps":167,"loss":[0.3071247935241102,0.4405848606963185,1.118847836192508,0.8950231539324787,1.0746615662297818,0.4297632924683678,0.3949765674687823,0.3043088796386431,0.28299718798197776,0.28274311291451226,0.2826304590345204,0.28251790971898894,0.2824022513996273,0.2822830564812565,0.28215996785667985,0.2820326271199237,0.2819006702639361,0.28176372678357076,0.2816214191923045,0.28147336269370543,0.28131916497281517,0.2811584261024259,0.28099073856539764,0.2808156873955793,0.2806328504398646,0.2804417987432441,0.28024209705764214,0.2800333044738791,0.27981497517430853,0.27958665930150256,0.2793479039358001,0.2790982541715711,0.27883725427867573,0.27856444893180654,0.27827938448620443,0.2779816102736444,0.2776706798876599,0.2773461524217617,0.2770075936190771,0.27665457688658396,0.2762866841222687,0.2759035062996051,0.2755046437514037,0.27508970609527517,0.27465831174691724,0.27421008697671045,0.2737446644814904,0.27326168146883045,0.2727607772876334,0.27224159068781156,0.2717037568539968,0.2711469044326743,0.27057065285573445,0.26997461035004233,0.2693583731024809,0.2687215261095386,0.268063646263225,0.26738430819267645,0.26668309327636996,0.26595960205195046,0.26521346997819684,0.264444386160542,0.26365211426969337,0.2628365145115552,0.26199756520690093,0.26113538237338296,0.2602502357195125,0.25934255968160935,0.2584129585443339,0.25746220522868896,0.25649123392493933,0.2555011272978412,0.2544930994152999,0.2534684757959682,0.25242867202209535,0.251375172243822,0.2503095086588473,0.24923324274633685,0.24814794872158236,0.24705519939993098,0.2459565544388445,0.2448535507731952,0.2437476949666788,0.24264045716044155,0.24153326629559108,0.24042750630701173,0.2393245130221286,0.23822557154289728,0.23713191393749017,0.23604471711656524,0.23496510081520922,0.2338941256436889,0.23283279120640996,0.23178203431767544,0.23074272736408008,0.22971567687631073,0.22870162237797076,0.22770123557654487,0.22671511995301877,0.22574381079346373,0.22478777568978908,0.22384741551947843,0.2229230658969469,0.22201499907339542,0.22112342624856868,0.22024850024720916,0.21939031850546725,0.21854892630805844,0.21772432021531873,0.2169164516201311,0.2161252303775345,0.21535052845419989,0.2145921835504081,0.2138500026532629,0.21312376548625442,0.21241322782665484,0.2117181246683379,0.2110381732133113,0.2103730756804023,0.20972252192410137,0.209086191860493,0.20846375770052497,0.20785488599357205,0.20725923948644054,0.20667647880459566,0.20610626396369308,0.20554825572023114,0.20500211677088234,0.20446751280996053,0.2039441134551927,0.2034315930506462,0.20292963135761993,0.20243791413987924,0.20195613365685944,0.20148398906355408,0.20102118674293087,0.20056744054313508,0.20012247199457697,0.19968601037938818,0.19925779292693252,0.19883756461414417,0.19842507867825346,0.19802009577098398,0.19762238675839558,0.19723173211409656,0.1968479475867673,0.19647094277430605,0.1961011237900332,0.1957410316129107,0.19540390581404654,0.19515449179524938,0.19531859837846202,0.19753265272994416,0.21034159947444447,0.2757021882164874,0.5959577868961152,1.3747557332424118,1.4517484436953503,1.596834964143235,6.193945640563292,0.27420471715155903,1.1336938937912988,48.179456620448875,1524.676622413947,4034.6855933782194,9765.09136750672,447885.565669463],"testLoss":[],"eigenvalues":[[1.8526197141329845,2.130945180164988,6.782073668347389],[3.3147258802494863,3.540793752001364,7.098259247437603],[2.860046835322883,2.9471296142133334,5.565871415323258],[3.1373874552639727,3.170159941189154,6.844575532261172],[1.3819034756535373,1.7887368990253392,4.296139674934166],[1.2414610142584441,1.6053154293797585,3.9061667271853473],[0.5373324032701585,1.3191656528594362,1.9048725092914152],[0.08419407665895151,1.2881056269937377,1.5740386002971598],[0.07294354611572768,1.291434144240115,1.5873574819644058],[0.0719904763087721,1.2941978980636875,1.594628776493778],[0.07169273147213197,1.2969595823815308,1.601125317808052],[0.07152230184930188,1.2999053381348373,1.608070585237545],[0.07138783316682956,1.3030806697116337,1.6156485739168425],[0.07126651687175926,1.3064991805747008,1.6238950271261445],[0.0711523052005787,1.3101666747911755,1.6328262294914473],[0.0710437442696014,1.314086971985833,1.6424566021111304],[0.07094075396803347,1.3182634493275933,1.6528011574994759],[0.07084364392043443,1.3226994562567573,1.663875831264918],[0.07075339933653933,1.327398406273198,1.675697481399139],[0.07067059730191838,1.3323637701587152,1.6882838207831694],[0.07059645355169201,1.337599036908488,1.7016533283183939],[0.07053233421906004,1.3431076610260044,1.7158251473690898],[0.07047990069602393,1.3488930021686842,1.7308189736061745],[0.07044115967989645,1.3549582580215362,1.7466549314231077],[0.0704185221542457,1.3613063911551324,1.763353438536056],[0.07041487197686234,1.3679400490705012,1.7809350583104888],[0.0704336446872305,1.3748614776185222,1.7994203391600379],[0.07047891583197438,1.3820724274827672,1.8188296402564217],[0.0705554980281905,1.3895740537192736,1.8391829439422551],[0.07066904325797946,1.3973668079825263,1.8604996552653024],[0.07082614536379081,1.405450324225782,1.8827983878387087],[0.07103443348110379,1.4138232975559248,1.9060967380108362],[0.07130264464295247,1.4224833571580482,1.930411048211025],[0.07164065961012975,1.4314269337416519,1.9557561604153437],[0.07205948507372215,1.4406491228297658,1.9821451623990614],[0.07257116759699289,1.450143545050335,2.00958912848386],[0.07318863187302471,1.4599022052621378,2.038096857942874],[0.07392545087185555,1.4699153527016064,2.0676746134219153],[0.0747955728460106,1.4801713448981642,2.0983258629432227],[0.0758130479873223,1.4906565187989693,2.130051028282931],[0.0769918052789004,1.5013550727013512,2.1628472433727293],[0.07834552409014904,1.512248963899915,2.1967081254201553],[0.07988762395171818,1.5233178271754133,2.2316235614211055],[0.08163136629499339,1.5345389198149773,2.267579512637743],[0.0835900356956993,1.5458870998942258,2.304557837846546],[0.08577715056230743,1.5573348439782364,2.3425361374463223],[0.08820665126946582,1.5688523116374826,2.381487617443869],[0.09089302110100816,1.5804074626762359,2.4213809728285987],[0.09385130861536001,1.5919662328462227,2.4621802901223213],[0.0970970342422745,1.6034927724500794,2.5038449662897033],[0.10064597548674459,1.6149497498857226,2.5463296428381548],[0.10451383300025315,1.626298719548322,2.5895841541850873],[0.10871578552277063,1.6375005502755609,2.63355349021663],[0.11326594505539588,1.648515906358017,2.67817777497615],[0.11817672508780654,1.6593057693424182,2.7233922662846757],[0.12345813812205968,1.6698319840570721,2.7691273849230034],[0.12911704151885317,1.6800578092623848,2.8153087864605975],[0.13515635696979955,1.689948450262026,2.8618574925571667],[0.14157429747600533,1.6994715488920438,2.908690105528714],[0.1483636470020391,1.7085976081665557,2.955719130216323],[0.15551114967847537,1.7173003298529042,3.002853432282835],[0.16299707575496591,1.7255568492404807,3.049998857340264],[0.1707950354055435,1.73334785805722,3.097059031349918],[0.1788721053171227,1.7406576134909948,3.1439363521171266],[0.18718931484014797,1.7474738417370983,3.190533166064662],[0.19570250637099684,1.753787551774546,3.236753107116605],[0.2043635436824367,1.7595927814119432,3.2825025561131946],[0.21312179868345923,1.764886303411218,3.3276921603513454],[0.22192580764844622,1.769667319336283,3.372238341508208],[0.23072496475552187,1.7739371678652358,3.4160647136403024],[0.23947111547506092,1.7776990698080282,3.459103335882193],[0.24811992770407282,1.780957924059386,3.501295735181188],[0.256631950556535,1.7837201632450232,3.542593650916847],[0.2649733132920998,1.7859936680987634,3.582959475452676],[0.2731160587190403,1.7877877346540332,3.6223663858866337],[0.28103814384517073,1.7891130817005554,