{"name": "Unstable Phase","savedAt":"2026-03-24T05:25:54.704Z","params":{"task":"chebyshev","taskParams":{"degree":6,"nTrain":20,"useTestSet":false,"nTest":200},"activation":"tanh","hiddenDims":[30,20],"eta":0.5495,"batchSize":20,"modelSeed":0},"totalSteps":168,"loss":[0.307125,0.440554,1.11858,0.895399,1.0733,0.429932,0.393635,0.303612,0.282994,0.282745,0.282633,0.28252,0.282404,0.282285,0.282162,0.282034,0.281902,0.281765,0.281623,0.281475,0.281321,0.28116,0.280992,0.280817,0.280635,0.280443,0.280244,0.280035,0.279817,0.279589,0.27935,0.2791,0.27884,0.278567,0.278282,0.277984,0.277674,0.277349,0.277011,0.276658,0.276291,0.275908,0.275509,0.275094,0.274663,0.274216,0.27375,0.273268,0.272767,0.272249,0.271711,0.271155,0.270579,0.269983,0.269368,0.268731,0.268074,0.267395,0.266695,0.265972,0.265226,0.264458,0.263666,0.262851,0.262012,0.261151,0.260266,0.259359,0.25843,0.257479,0.256509,0.255519,0.254511,0.253487,0.252447,0.251394,0.250328,0.249252,0.248167,0.247074,0.245976,0.244873,0.243767,0.242659,0.241552,0.240446,0.239343,0.238244,0.23715,0.236062,0.234982,0.233911,0.232849,0.231798,0.230759,0.229731,0.228717,0.227716,0.22673,0.225758,0.224801,0.223861,0.222936,0.222027,0.221135,0.22026,0.219402,0.21856,0.217735,0.216926,0.216135,0.21536,0.214601,0.213858,0.213132,0.212421,0.211725,0.211045,0.210379,0.209729,0.209092,0.208469,0.20786,0.207264,0.206681,0.20611,0.205552,0.205005,0.204471,0.203947,0.203434,0.202932,0.20244,0.201958,0.201485,0.201022,0.200568,0.200123,0.199686,0.199258,0.198837,0.198425,0.19802,0.197622,0.197231,0.196847,0.196469,0.196099,0.195736,0.195385,0.195073,0.194925,0.195586,0.200349,0.226691,0.357917,0.941075,1.43712,1.72971,1.95757,13.1351,0.615928,22.9506,13.7068,252.357,1553.04,10919,903522],"testLoss":[],"eigenvalues":[[1.85245,2.13095,6.78205],[3.31418,3.54028,7.09808],[2.85115,2.91695,5.56533],[3.13697,3.17591,6.84108],[1.37791,1.78641,4.28967],[1.23342,1.60211,3.88729],[0.529631,1.3192,1.89818],[0.0838123,1.28933,1.57841],[0.072921,1.29263,1.59162],[0.0719987,1.29538,1.59882],[0.0717067,1.29813,1.60528],[0.0715374,1.30107,1.6122],[0.071403,1.30424,1.61975],[0.0712813,1.30765,1.62797],[0.0711667,1.31131,1.63688],[0.0710576,1.31522,1.64649],[0.0709541,1.31939,1.65681],[0.0708566,1.32382,1.66786],[0.0707658,1.32851,1.67966],[0.0706824,1.33347,1.69223],[0.0706078,1.3387,1.70557],[0.0705431,1.3442,1.71972],[0.0704901,1.34998,1.73469],[0.0704507,1.35604,1.7505],[0.0704275,1.36238,1.76717],[0.0704231,1.369,1.78473],[0.0704412,1.37592,1.80319],[0.0704857,1.38312,1.82257],[0.0705615,1.39061,1.84289],[0.0706741,1.3984,1.86418],[0.0708303,1.40648,1.88644],[0.0710376,1.41484,1.90971],[0.0713046,1.42349,1.93399],[0.0716414,1.43243,1.9593],[0.0720589,1.44164,1.98565],[0.0725691,1.45113,2.01306],[0.073185,1.46088,2.04152],[0.07392,1.47089,2.07106],[0.0747882,1.48113,2.10167],[0.0758036,1.49161,2.13335],[0.0769801,1.5023,2.16609],[0.0783314,1.51319,2.19991],[0.0798708,1.52425,2.23477],[0.0816117,1.53546,2.27068],[0.0835674,1.5468,2.3076],[0.0857512,1.55824,2.34553],[0.0881772,1.56975,2.38442],[0.0908599,1.5813,2.42426],[0.0938144,1.59285,2.465],[0.0970561,1.60437,2.5066],[0.100601,1.61582,2.54903],[0.104464,1.62717,2.59222],[0.108662,1.63836,2.63613],[0.113208,1.64937,2.6807],[0.118114,1.66016,2.72585],[0.123391,1.67068,2.77153],[0.129046,1.6809,2.81765],[0.135082,1.69078,2.86414],[0.141496,1.7003,2.91091],[0.148283,1.70942,2.95789],[0.155428,1.71812,3.00497],[0.162912,1.72637,3.05206],[0.170709,1.73415,3.09907],[0.178786,1.74146,3.1459],[0.187104,1.74827,3.19245],[0.195619,1.75458,3.23863],[0.204282,1.76038,3.28433],[0.213043,1.76567,3.32948],[0.221851,1.77044,3.37399],[0.230655,1.77471,3.41778],[0.239406,1.77846,3.46078],[0.24806,1.78172,3.50294],[0.256578,1.78447,3.54421],[0.264925,1.78674,3.58454],[0.273074,1.78853,3.62392],[0.281002,1.78985,3.66232],[0.288693,1.79072,3.69974],[0.296135,1.79114,3.73619],[0.303323,1.79114,3.77167],[0.310252,1.79072,3.80621],[0.316923,1.78991,3.83982],[0.32334,1.78873,3.87256],[0.329508,1.7872,3.90444],[0.335432,1.78534,3.93552],[0.341121,1.78318,3.96584],[0.346584,1.78073,3.99544],[0.351829,1.77804,4.02438],[0.356865,1.77511,4.05269],[0.361702,1.77199,4.08043],[0.366349,1.76869,4.10766],[0.370815,1.76525,4.1344],[0.375111,1.7617,4.16072],[0.379243,1.75805,4.18665],[0.383222,1.75434,4.21225],[0.387055,1.75059,4.23754],[0.39075,1.74683,4.26258],[0.394316,1.74307,4.28741],[0.39776,1.73936,4.31205],[0.401089,1.7357,4.33654],[0.404309,1.73212,4.36093],[0.407429,1.72863,4.38524],[0.410452,1.72527,4.4095],[0.413387,1.72203,4.43374],[0.416238,1.71895,4.45799],[0.419011,1.71603,4.48227],[0.421711,1.71329,4.50662],[0.424343,1.71074,4.53105],[0.426912,1.7084,4.55558],[0.429422,1.70627,4.58024],[0.431877,1.70436,4.60505],[0.434281,1.70269,4.63003],[0.436639,1.70126,4.65518],[0.438953,1.70008,4.68054],[0.441227,1.69916,4.7061],[0.443464,1.6985,4.7319],[0.445668,1.6981,4.75794],[0.447841,1.69798,4.78423],[0.449986,1.69813,4.81079],[0.452106,1.69856,4.83763],[0.454204,1.69928,4.86476],[0.456281,1.70028,4.89218],[0.45834,1.70158,4.91991],[0.460384,1.70316,4.94795],[0.462414,1.70503,4.97631],[0.464432,1.7072,5.005],[0.466442,1.70967,5.03403],[0.468443,1.71243,5.0634],[0.470439,1.71549,5.09311],[0.472431,1.71885,5.12318],[0.47442,1.72251,5.1536],[0.476409,1.72647,5.18438],[0.478398,1.73073,5.21553],[0.48039,1.73529,5.24704],[0.482385,1.74014,5.27892],[0.484386,1.7453,5.31117],[0.486393,1.75076,5.34379],[0.488408,1.75652,5.37679],[0.490432,1.76257,5.41015],[0.492466,1.76893,5.44391],[0.49451,1.77558,5.47802],[0.49657,1.78253,5.51254],[0.498634,1.78976,5.54736],[0.500732,1.79731,5.58271],[0.502803,1.80511,5.61811],[0.504976,1.81328,5.65456],[0.506986,1.82159,5.68997],[0.509394,1.8305,5.72868],[0.511003,1.83904,5.76157],[0.514403,1.84927,5.808],[0.51396,1.85675,5.82645],[0.522121,1.8711,5.90685],[0.511554,1.8713,5.85284],[0.544995,1.90366,6.09852],[0.67239,1.86604,5.68842],[1.46976,1.99692,6.75194],[2.95034,3.1105,5.22351],[3.86001,3.99055,7.3545],[4.42687,4.58779,6.66758],[3.77839,4.86226,11.1327],[13.5994,14.4497,16.9138],[3.27047,25.5289,31.0765],[12.0643,17.4108,36.3421],[8.95938,14.3065,17.5898],[23.9743,27.5076,33.5859],[722.755,878.114,1883.83],[279.49,337.04,16075.8],[0.0366503,0.0630531,21]]}